{"train/rewards": 15.945269466233215, "train/regrets": 22.147453710151513, "_step": 3, "_runtime": 300, "_timestamp": 1658225132}